Workbook

Sheet Risk summary
D3: Severity | G3: Sum | H3: % of cases | K3: Likelihood | N3: Sum | O3: % of cases
D4: Low | E4: Medium | F4: High | K4: Low | L4: Med | M4: High
B5: Likelihood | C5: Low | D5: =COUNTIFS(Risks!D2:D1048576,"Low",Risks!E2:E1048576,"Low") -> 0 | E5: =COUNTIFS(Risks!D2:D1048576,"Low",Risks!E2:E1048576,"Med") -> 0 | F5: =COUNTIFS(Risks!D2:D1048576,"Low",Risks!E2:E1048576,"High") -> 0 | G5: =SUM(D5:F5) -> 0 | H5: =SUM(D5:F5)/$G$8 -> #DIV/0! | J5: Business | K5: =COUNTIFS(Risks!C$2:C$92,'Risk summary'!J5,Risks!D$2:D$92,'Risk summary'!$K$4) -> 0 | L5: =COUNTIFS(Risks!$C$2:$C$92,'Risk summary'!J5,Risks!$D$2:$D$92,'Risk summary'!$L$4) -> 0 | M5: =COUNTIFS(Risks!$C$2:$C$92,'Risk summary'!J5,Risks!$D$2:$D$92,'Risk summary'!$M$4) -> 0 | N5: =SUM(K5:M5) -> 0 | O5: =SUM(K5:M5)/$N$10 -> #DIV/0!
C6: Medium | D6: =COUNTIFS(Risks!D2:D1048576,"Med",Risks!E2:E1048576,"Low") -> 0 | E6: =COUNTIFS(Risks!D2:D1048576,"Med",Risks!E2:E1048576,"Med") -> 0 | F6: =COUNTIFS(Risks!D2:D1048576,"Med",Risks!E2:E1048576,"High") -> 0 | G6: =SUM(D6:F6) -> 0 | H6: =SUM(D6:F6)/$G$8 -> #DIV/0! | J6: Market | K6: =COUNTIFS(Risks!C$2:C$92,'Risk summary'!J6,Risks!D$2:D$92,'Risk summary'!$K$4) -> 0 | L6: =COUNTIFS(Risks!$C$2:$C$92,'Risk summary'!J6,Risks!$D$2:$D$92,'Risk summary'!$L$4) -> 0 | M6: =COUNTIFS(Risks!$C$2:$C$92,'Risk summary'!J6,Risks!$D$2:$D$92,'Risk summary'!$M$4) -> 0 | N6: =SUM(K6:M6) -> 0 | O6: =SUM(K6:M6)/$N$10 -> #DIV/0!
C7: High | D7: =COUNTIFS(Risks!D2:D1048576,"High",Risks!E2:E1048576,"Low") -> 0 | E7: =COUNTIFS(Risks!D2:D1048576,"High",Risks!E2:E1048576,"Med") -> 0 | F7: =COUNTIFS(Risks!D2:D1048576,"High",Risks!E2:E1048576,"High") -> 0 | G7: =SUM(D7:F7) -> 0 | H7: =SUM(D7:F7)/$G$8 -> #DIV/0! | J7: Operations | K7: =COUNTIFS(Risks!C$2:C$92,'Risk summary'!J7,Risks!D$2:D$92,'Risk summary'!$K$4) -> 0 | L7: =COUNTIFS(Risks!$C$2:$C$92,'Risk summary'!J7,Risks!$D$2:$D$92,'Risk summary'!$L$4) -> 0 | M7: =COUNTIFS(Risks!$C$2:$C$92,'Risk summary'!J7,Risks!$D$2:$D$92,'Risk summary'!$M$4) -> 0 | N7: =SUM(K7:M7) -> 0 | O7: =SUM(K7:M7)/$N$10 -> #DIV/0!
B8: Sum | D8: =SUM(D5:D7) -> 0 | E8: =SUM(E5:E7) -> 0 | F8: =SUM(F5:F7) -> 0 | G8: =SUM(G5:G7) -> 0 | J8: Security | K8: =COUNTIFS(Risks!C$2:C$92,'Risk summary'!J8,Risks!D$2:D$92,'Risk summary'!$K$4) -> 0 | L8: =COUNTIFS(Risks!$C$2:$C$92,'Risk summary'!J8,Risks!$D$2:$D$92,'Risk summary'!$L$4) -> 0 | M8: =COUNTIFS(Risks!$C$2:$C$92,'Risk summary'!J8,Risks!$D$2:$D$92,'Risk summary'!$M$4) -> 0 | N8: =SUM(K8:M8) -> 0 | O8: =SUM(K8:M8)/$N$10 -> #DIV/0!
B9: % of cases | D9: =SUM(D5:D7)/$G$8 -> #DIV/0! | E9: =SUM(E5:E7)/$G$8 -> #DIV/0! | F9: =SUM(F5:F7)/$G$8 -> #DIV/0! | H9: =SUM(D9:F9) -> #DIV/0! | J9: Technology | K9: =COUNTIFS(Risks!C$2:C$92,'Risk summary'!J9,Risks!D$2:D$92,'Risk summary'!$K$4) -> 0 | L9: =COUNTIFS(Risks!$C$2:$C$92,'Risk summary'!J9,Risks!$D$2:$D$92,'Risk summary'!$L$4) -> 0 | M9: =COUNTIFS(Risks!$C$2:$C$92,'Risk summary'!J9,Risks!$D$2:$D$92,'Risk summary'!$M$4) -> 0 | N9: =SUM(K9:M9) -> 0 | O9: =SUM(K9:M9)/$N$10 -> #DIV/0!
J10: Totals | K10: =SUM(K5:K9) -> 0 | L10: =SUM(L5:L9) -> 0 | M10: =SUM(M5:M9) -> 0 | N10: =SUM(K10:M10) -> 0
D11: Likelihood | E11: Severity | F11: % of cases | J11: % of cases | K11: =K10/$N$10 -> #DIV/0! | L11: =L10/$N$10 -> #DIV/0! | M11: =M10/$N$10 -> #DIV/0! | O11: =SUM(K11:M11) -> #DIV/0!
D12: High | E12: High | F12: =F7/G8 -> #DIV/0!
D13: Med | E13: High | F13: =F6/G8 -> #DIV/0! | K13: Severity | N13: Sum | O13: % of cases
A14: ` | D14: High | E14: Med | F14: =E7/G8 -> #DIV/0! | K14: Low | L14: Med | M14: High
D15: Low | E15: High | F15: =F5/G8 -> #DIV/0! | J15: Business | K15: =COUNTIFS(Risks!$C$2:$C$92,'Risk summary'!J5,Risks!$E$2:$E$92,'Risk summary'!$K$14) -> 0 | L15: =COUNTIFS(Risks!$C$2:$C$92,'Risk summary'!J5,Risks!$E$2:$E$92,'Risk summary'!$L$14) -> 0 | M15: =COUNTIFS(Risks!$C$2:$C$92,'Risk summary'!J5,Risks!$E$2:$E$92,'Risk summary'!$M$14) -> 0 | N15: =SUM(K15:M15) -> 0 | O15: =SUM(K15:M15)/$N$10 -> #DIV/0!
E16: Sum | F16: =SUM(F12:F15) -> #DIV/0! | J16: Market | K16: =COUNTIFS(Risks!$C$2:$C$92,'Risk summary'!J6,Risks!$E$2:$E$92,'Risk summary'!$K$14) -> 0 | L16: =COUNTIFS(Risks!$C$2:$C$92,'Risk summary'!J6,Risks!$E$2:$E$92,'Risk summary'!$L$14) -> 0 | M16: =COUNTIFS(Risks!$C$2:$C$92,'Risk summary'!J6,Risks!$E$2:$E$92,'Risk summary'!$M$14) -> 0 | N16: =SUM(K16:M16) -> 0 | O16: =SUM(K16:M16)/$N$10 -> #DIV/0!
J17: Operations | K17: =COUNTIFS(Risks!$C$2:$C$92,'Risk summary'!J7,Risks!$E$2:$E$92,'Risk summary'!$K$14) -> 0 | L17: =COUNTIFS(Risks!$C$2:$C$92,'Risk summary'!J7,Risks!$E$2:$E$92,'Risk summary'!$L$14) -> 0 | M17: =COUNTIFS(Risks!$C$2:$C$92,'Risk summary'!J7,Risks!$E$2:$E$92,'Risk summary'!$M$14) -> 0 | N17: =SUM(K17:M17) -> 0 | O17: =SUM(K17:M17)/$N$10 -> #DIV/0!
J18: Security | K18: =COUNTIFS(Risks!$C$2:$C$92,'Risk summary'!J8,Risks!$E$2:$E$92,'Risk summary'!$K$14) -> 0 | L18: =COUNTIFS(Risks!$C$2:$C$92,'Risk summary'!J8,Risks!$E$2:$E$92,'Risk summary'!$L$14) -> 0 | M18: =COUNTIFS(Risks!$C$2:$C$92,'Risk summary'!J8,Risks!$E$2:$E$92,'Risk summary'!$M$14) -> 0 | N18: =SUM(K18:M18) -> 0 | O18: =SUM(K18:M18)/$N$10 -> #DIV/0!
J19: Technology | K19: =COUNTIFS(Risks!$C$2:$C$92,'Risk summary'!J9,Risks!$E$2:$E$92,'Risk summary'!$K$14) -> 0 | L19: =COUNTIFS(Risks!$C$2:$C$92,'Risk summary'!J9,Risks!$E$2:$E$92,'Risk summary'!$L$14) -> 0 | M19: =COUNTIFS(Risks!$C$2:$C$92,'Risk summary'!J9,Risks!$E$2:$E$92,'Risk summary'!$M$14) -> 0 | N19: =SUM(K19:M19) -> 0 | O19: =SUM(K19:M19)/$N$10 -> #DIV/0!
J20: Totals | K20: =SUM(K15:K19) -> 0 | L20: =SUM(L15:L19) -> 0 | M20: =SUM(M15:M19) -> 0 | N20: =SUM(K20:M20) -> 0
J21: % of cases | K21: =K20/$N$20 -> #DIV/0! | L21: =L20/$N$20 -> #DIV/0! | M21: =M20/$N$20 -> #DIV/0! | O21: =SUM(K21:M21) -> #DIV/0!

Sheet Risks
A1: # | B1: Risk | C1: Category | D1: Likelihood | E1: Severity | F1: Priority | G1: Effort | H1: Jira Issue | I1: Mitigation Strategy | J1: Action | K1: Status | L1: Accountable for Action | M1: Detailed Action description
A2: =ROW()-1 -> 1
A3: =ROW()-1 -> 2
A4: =ROW()-1 -> 3
A5: =ROW()-1 -> 4
A6: =ROW()-1 -> 5
A7: =ROW()-1 -> 6
A8: =ROW()-1 -> 7
A9: =ROW()-1 -> 8
A10: =ROW()-1 -> 9
A11: =ROW()-1 -> 10
A12: =ROW()-1 -> 11
A13: =ROW()-1 -> 12
... A84: =ROW()-1 -> 83

Sheet Lists
B2: Low | C2: Business | D2: Project team | E2: To Do | F2: Y | G2: 1 | H2: Acceptance
B3: Med | C3: Internal | D3: CEO | E3: Doing | F3: N | G3: 2 | H3: Avoidance
B4: High | C4: Market | D4: Engineering lead | E4: Done | G4: 3 | H4: Control
C5: Operations | D5: CMSO | E5: Abandoned | H5: Transference
C6: Regulatory | D6: Operations lead
C7: Security | D7: COO
C8: Technology | D8: CTO
D9: Process engineer
D10: Lawyers
